,0
0,"40.1,-124.6"
1,"41.1,-124.6"
2,"42.1,-124.6"
3,"43.1,-124.6"
4,"44.1,-124.6"
5,"45.1,-124.6"
6,"46.1,-124.6"
7,"47.1,-124.6"
8,"48.1,-124.6"
9,"39.1,-123.6"
10,"40.1,-123.6"
11,"41.1,-123.6"
12,"42.1,-123.6"
13,"43.1,-123.6"
14,"44.1,-123.6"
15,"45.1,-123.6"
16,"46.1,-123.6"
17,"47.1,-123.6"
18,"48.1,-123.6"
19,"37.1,-122.6"
20,"38.1,-122.6"
21,"39.1,-122.6"
22,"40.1,-122.6"
23,"41.1,-122.6"
24,"42.1,-122.6"
25,"43.1,-122.6"
26,"44.1,-122.6"
27,"45.1,-122.6"
28,"46.1,-122.6"
29,"47.1,-122.6"
30,"48.1,-122.6"
31,"36.1,-121.6"
32,"37.1,-121.6"
33,"38.1,-121.6"
34,"39.1,-121.6"
35,"40.1,-121.6"
36,"41.1,-121.6"
37,"42.1,-121.6"
38,"43.1,-121.6"
39,"44.1,-121.6"
40,"45.1,-121.6"
41,"46.1,-121.6"
42,"47.1,-121.6"
43,"48.1,-121.6"
44,"35.1,-120.6"
45,"36.1,-120.6"
46,"37.1,-120.6"
47,"38.1,-120.6"
48,"39.1,-120.6"
49,"40.1,-120.6"
50,"41.1,-120.6"
51,"42.1,-120.6"
52,"43.1,-120.6"
53,"44.1,-120.6"
54,"45.1,-120.6"
55,"46.1,-120.6"
56,"47.1,-120.6"
57,"48.1,-120.6"
58,"35.1,-119.6"
59,"36.1,-119.6"
60,"37.1,-119.6"
61,"38.1,-119.6"
62,"39.1,-119.6"
63,"40.1,-119.6"
64,"41.1,-119.6"
65,"42.1,-119.6"
66,"43.1,-119.6"
67,"44.1,-119.6"
68,"45.1,-119.6"
69,"46.1,-119.6"
70,"47.1,-119.6"
71,"48.1,-119.6"
72,"30.1,-118.6"
73,"31.1,-118.6"
74,"32.1,-118.6"
75,"33.1,-118.6"
76,"34.1,-118.6"
77,"35.1,-118.6"
78,"36.1,-118.6"
79,"37.1,-118.6"
80,"38.1,-118.6"
81,"39.1,-118.6"
82,"40.1,-118.6"
83,"41.1,-118.6"
84,"42.1,-118.6"
85,"43.1,-118.6"
86,"44.1,-118.6"
87,"45.1,-118.6"
88,"46.1,-118.6"
89,"47.1,-118.6"
90,"48.1,-118.6"
91,"30.1,-117.6"
92,"31.1,-117.6"
93,"32.1,-117.6"
94,"33.1,-117.6"
95,"34.1,-117.6"
96,"35.1,-117.6"
97,"36.1,-117.6"
98,"37.1,-117.6"
99,"38.1,-117.6"
100,"39.1,-117.6"
101,"40.1,-117.6"
102,"41.1,-117.6"
103,"42.1,-117.6"
104,"43.1,-117.6"
105,"44.1,-117.6"
106,"45.1,-117.6"
107,"46.1,-117.6"
108,"47.1,-117.6"
109,"48.1,-117.6"
110,"30.1,-116.6"
111,"31.1,-116.6"
112,"32.1,-116.6"
113,"33.1,-116.6"
114,"34.1,-116.6"
115,"35.1,-116.6"
116,"36.1,-116.6"
117,"37.1,-116.6"
118,"38.1,-116.6"
119,"39.1,-116.6"
120,"40.1,-116.6"
121,"41.1,-116.6"
122,"42.1,-116.6"
123,"43.1,-116.6"
124,"44.1,-116.6"
125,"45.1,-116.6"
126,"46.1,-116.6"
127,"47.1,-116.6"
128,"48.1,-116.6"
129,"30.1,-115.6"
130,"31.1,-115.6"
131,"32.1,-115.6"
132,"33.1,-115.6"
133,"34.1,-115.6"
134,"35.1,-115.6"
135,"36.1,-115.6"
136,"37.1,-115.6"
137,"38.1,-115.6"
138,"39.1,-115.6"
139,"40.1,-115.6"
140,"41.1,-115.6"
141,"42.1,-115.6"
142,"43.1,-115.6"
143,"44.1,-115.6"
144,"45.1,-115.6"
145,"46.1,-115.6"
146,"47.1,-115.6"
147,"48.1,-115.6"
148,"23.1,-114.6"
149,"24.1,-114.6"
150,"25.1,-114.6"
151,"26.1,-114.6"
152,"27.1,-114.6"
153,"28.1,-114.6"
154,"29.1,-114.6"
155,"30.1,-114.6"
156,"31.1,-114.6"
157,"32.1,-114.6"
158,"33.1,-114.6"
159,"34.1,-114.6"
160,"35.1,-114.6"
161,"36.1,-114.6"
162,"37.1,-114.6"
163,"38.1,-114.6"
164,"39.1,-114.6"
165,"40.1,-114.6"
166,"41.1,-114.6"
167,"42.1,-114.6"
168,"43.1,-114.6"
169,"44.1,-114.6"
170,"45.1,-114.6"
171,"46.1,-114.6"
172,"47.1,-114.6"
173,"48.1,-114.6"
174,"23.1,-113.6"
175,"24.1,-113.6"
176,"25.1,-113.6"
177,"26.1,-113.6"
178,"27.1,-113.6"
179,"28.1,-113.6"
180,"29.1,-113.6"
181,"30.1,-113.6"
182,"31.1,-113.6"
183,"32.1,-113.6"
184,"33.1,-113.6"
185,"34.1,-113.6"
186,"35.1,-113.6"
187,"36.1,-113.6"
188,"37.1,-113.6"
189,"38.1,-113.6"
190,"39.1,-113.6"
191,"40.1,-113.6"
192,"41.1,-113.6"
193,"42.1,-113.6"
194,"43.1,-113.6"
195,"44.1,-113.6"
196,"45.1,-113.6"
197,"46.1,-113.6"
198,"47.1,-113.6"
199,"48.1,-113.6"
200,"23.1,-112.6"
201,"24.1,-112.6"
202,"25.1,-112.6"
203,"26.1,-112.6"
204,"27.1,-112.6"
205,"28.1,-112.6"
206,"29.1,-112.6"
207,"30.1,-112.6"
208,"31.1,-112.6"
209,"32.1,-112.6"
210,"33.1,-112.6"
211,"34.1,-112.6"
212,"35.1,-112.6"
213,"36.1,-112.6"
214,"37.1,-112.6"
215,"38.1,-112.6"
216,"39.1,-112.6"
217,"40.1,-112.6"
218,"41.1,-112.6"
219,"42.1,-112.6"
220,"43.1,-112.6"
221,"44.1,-112.6"
222,"45.1,-112.6"
223,"46.1,-112.6"
224,"47.1,-112.6"
225,"48.1,-112.6"
226,"23.1,-111.6"
227,"24.1,-111.6"
228,"25.1,-111.6"
229,"26.1,-111.6"
230,"27.1,-111.6"
231,"28.1,-111.6"
232,"29.1,-111.6"
233,"30.1,-111.6"
234,"31.1,-111.6"
235,"32.1,-111.6"
236,"33.1,-111.6"
237,"34.1,-111.6"
238,"35.1,-111.6"
239,"36.1,-111.6"
240,"37.1,-111.6"
241,"38.1,-111.6"
242,"39.1,-111.6"
243,"40.1,-111.6"
244,"41.1,-111.6"
245,"42.1,-111.6"
246,"43.1,-111.6"
247,"44.1,-111.6"
248,"45.1,-111.6"
249,"46.1,-111.6"
250,"47.1,-111.6"
251,"48.1,-111.6"
252,"23.1,-110.6"
253,"24.1,-110.6"
254,"25.1,-110.6"
255,"26.1,-110.6"
256,"27.1,-110.6"
257,"28.1,-110.6"
258,"29.1,-110.6"
259,"30.1,-110.6"
260,"31.1,-110.6"
261,"32.1,-110.6"
262,"33.1,-110.6"
263,"34.1,-110.6"
264,"35.1,-110.6"
265,"36.1,-110.6"
266,"37.1,-110.6"
267,"38.1,-110.6"
268,"39.1,-110.6"
269,"40.1,-110.6"
270,"41.1,-110.6"
271,"42.1,-110.6"
272,"43.1,-110.6"
273,"44.1,-110.6"
274,"45.1,-110.6"
275,"46.1,-110.6"
276,"47.1,-110.6"
277,"48.1,-110.6"
278,"23.1,-109.6"
279,"24.1,-109.6"
280,"25.1,-109.6"
281,"26.1,-109.6"
282,"27.1,-109.6"
283,"28.1,-109.6"
284,"29.1,-109.6"
285,"30.1,-109.6"
286,"31.1,-109.6"
287,"32.1,-109.6"
288,"33.1,-109.6"
289,"34.1,-109.6"
290,"35.1,-109.6"
291,"36.1,-109.6"
292,"37.1,-109.6"
293,"38.1,-109.6"
294,"39.1,-109.6"
295,"40.1,-109.6"
296,"41.1,-109.6"
297,"42.1,-109.6"
298,"43.1,-109.6"
299,"44.1,-109.6"
300,"45.1,-109.6"
301,"46.1,-109.6"
302,"47.1,-109.6"
303,"48.1,-109.6"
304,"23.1,-108.6"
305,"24.1,-108.6"
306,"25.1,-108.6"
307,"26.1,-108.6"
308,"27.1,-108.6"
309,"28.1,-108.6"
310,"29.1,-108.6"
311,"30.1,-108.6"
312,"31.1,-108.6"
313,"32.1,-108.6"
314,"33.1,-108.6"
315,"34.1,-108.6"
316,"35.1,-108.6"
317,"36.1,-108.6"
318,"37.1,-108.6"
319,"38.1,-108.6"
320,"39.1,-108.6"
321,"40.1,-108.6"
322,"41.1,-108.6"
323,"42.1,-108.6"
324,"43.1,-108.6"
325,"44.1,-108.6"
326,"45.1,-108.6"
327,"46.1,-108.6"
328,"47.1,-108.6"
329,"48.1,-108.6"
330,"23.1,-107.6"
331,"24.1,-107.6"
332,"25.1,-107.6"
333,"26.1,-107.6"
334,"27.1,-107.6"
335,"28.1,-107.6"
336,"29.1,-107.6"
337,"30.1,-107.6"
338,"31.1,-107.6"
339,"32.1,-107.6"
340,"33.1,-107.6"
341,"34.1,-107.6"
342,"35.1,-107.6"
343,"36.1,-107.6"
344,"37.1,-107.6"
345,"38.1,-107.6"
346,"39.1,-107.6"
347,"40.1,-107.6"
348,"41.1,-107.6"
349,"42.1,-107.6"
350,"43.1,-107.6"
351,"44.1,-107.6"
352,"45.1,-107.6"
353,"46.1,-107.6"
354,"47.1,-107.6"
355,"48.1,-107.6"
356,"23.1,-106.6"
357,"24.1,-106.6"
358,"25.1,-106.6"
359,"26.1,-106.6"
360,"27.1,-106.6"
361,"28.1,-106.6"
362,"29.1,-106.6"
363,"30.1,-106.6"
364,"31.1,-106.6"
365,"32.1,-106.6"
366,"33.1,-106.6"
367,"34.1,-106.6"
368,"35.1,-106.6"
369,"36.1,-106.6"
370,"37.1,-106.6"
371,"38.1,-106.6"
372,"39.1,-106.6"
373,"40.1,-106.6"
374,"41.1,-106.6"
375,"42.1,-106.6"
376,"43.1,-106.6"
377,"44.1,-106.6"
378,"45.1,-106.6"
379,"46.1,-106.6"
380,"47.1,-106.6"
381,"48.1,-106.6"
382,"23.1,-105.6"
383,"24.1,-105.6"
384,"25.1,-105.6"
385,"26.1,-105.6"
386,"27.1,-105.6"
387,"28.1,-105.6"
388,"29.1,-105.6"
389,"30.1,-105.6"
390,"31.1,-105.6"
391,"32.1,-105.6"
392,"33.1,-105.6"
393,"34.1,-105.6"
394,"35.1,-105.6"
395,"36.1,-105.6"
396,"37.1,-105.6"
397,"38.1,-105.6"
398,"39.1,-105.6"
399,"40.1,-105.6"
400,"41.1,-105.6"
401,"42.1,-105.6"
402,"43.1,-105.6"
403,"44.1,-105.6"
404,"45.1,-105.6"
405,"46.1,-105.6"
406,"47.1,-105.6"
407,"48.1,-105.6"
408,"23.1,-104.6"
409,"24.1,-104.6"
410,"25.1,-104.6"
411,"26.1,-104.6"
412,"27.1,-104.6"
413,"28.1,-104.6"
414,"29.1,-104.6"
415,"30.1,-104.6"
416,"31.1,-104.6"
417,"32.1,-104.6"
418,"33.1,-104.6"
419,"34.1,-104.6"
420,"35.1,-104.6"
421,"36.1,-104.6"
422,"37.1,-104.6"
423,"38.1,-104.6"
424,"39.1,-104.6"
425,"40.1,-104.6"
426,"41.1,-104.6"
427,"42.1,-104.6"
428,"43.1,-104.6"
429,"44.1,-104.6"
430,"45.1,-104.6"
431,"46.1,-104.6"
432,"47.1,-104.6"
433,"48.1,-104.6"
434,"23.1,-103.6"
435,"24.1,-103.6"
436,"25.1,-103.6"
437,"26.1,-103.6"
438,"27.1,-103.6"
439,"28.1,-103.6"
440,"29.1,-103.6"
441,"30.1,-103.6"
442,"31.1,-103.6"
443,"32.1,-103.6"
444,"33.1,-103.6"
445,"34.1,-103.6"
446,"35.1,-103.6"
447,"36.1,-103.6"
448,"37.1,-103.6"
449,"38.1,-103.6"
450,"39.1,-103.6"
451,"40.1,-103.6"
452,"41.1,-103.6"
453,"42.1,-103.6"
454,"43.1,-103.6"
455,"44.1,-103.6"
456,"45.1,-103.6"
457,"46.1,-103.6"
458,"47.1,-103.6"
459,"48.1,-103.6"
460,"23.1,-102.6"
461,"24.1,-102.6"
462,"25.1,-102.6"
463,"26.1,-102.6"
464,"27.1,-102.6"
465,"28.1,-102.6"
466,"29.1,-102.6"
467,"30.1,-102.6"
468,"31.1,-102.6"
469,"32.1,-102.6"
470,"33.1,-102.6"
471,"34.1,-102.6"
472,"35.1,-102.6"
473,"36.1,-102.6"
474,"37.1,-102.6"
475,"38.1,-102.6"
476,"39.1,-102.6"
477,"40.1,-102.6"
478,"41.1,-102.6"
479,"42.1,-102.6"
480,"43.1,-102.6"
481,"44.1,-102.6"
482,"45.1,-102.6"
483,"46.1,-102.6"
484,"47.1,-102.6"
485,"48.1,-102.6"
486,"23.1,-101.6"
487,"24.1,-101.6"
488,"25.1,-101.6"
489,"26.1,-101.6"
490,"27.1,-101.6"
491,"28.1,-101.6"
492,"29.1,-101.6"
493,"30.1,-101.6"
494,"31.1,-101.6"
495,"32.1,-101.6"
496,"33.1,-101.6"
497,"34.1,-101.6"
498,"35.1,-101.6"
499,"36.1,-101.6"
500,"37.1,-101.6"
501,"38.1,-101.6"
502,"39.1,-101.6"
503,"40.1,-101.6"
504,"41.1,-101.6"
505,"42.1,-101.6"
506,"43.1,-101.6"
507,"44.1,-101.6"
508,"45.1,-101.6"
509,"46.1,-101.6"
510,"47.1,-101.6"
511,"48.1,-101.6"
512,"23.1,-100.6"
513,"24.1,-100.6"
514,"25.1,-100.6"
515,"26.1,-100.6"
516,"27.1,-100.6"
517,"28.1,-100.6"
518,"29.1,-100.6"
519,"30.1,-100.6"
520,"31.1,-100.6"
521,"32.1,-100.6"
522,"33.1,-100.6"
523,"34.1,-100.6"
524,"35.1,-100.6"
525,"36.1,-100.6"
526,"37.1,-100.6"
527,"38.1,-100.6"
528,"39.1,-100.6"
529,"40.1,-100.6"
530,"41.1,-100.6"
531,"42.1,-100.6"
532,"43.1,-100.6"
533,"44.1,-100.6"
534,"45.1,-100.6"
535,"46.1,-100.6"
536,"47.1,-100.6"
537,"48.1,-100.6"
538,"23.1,-99.6"
539,"24.1,-99.6"
540,"25.1,-99.6"
541,"26.1,-99.6"
542,"27.1,-99.6"
543,"28.1,-99.6"
544,"29.1,-99.6"
545,"30.1,-99.6"
546,"31.1,-99.6"
547,"32.1,-99.6"
548,"33.1,-99.6"
549,"34.1,-99.6"
550,"35.1,-99.6"
551,"36.1,-99.6"
552,"37.1,-99.6"
553,"38.1,-99.6"
554,"39.1,-99.6"
555,"40.1,-99.6"
556,"41.1,-99.6"
557,"42.1,-99.6"
558,"43.1,-99.6"
559,"44.1,-99.6"
560,"45.1,-99.6"
561,"46.1,-99.6"
562,"47.1,-99.6"
563,"48.1,-99.6"
564,"23.1,-98.6"
565,"24.1,-98.6"
566,"25.1,-98.6"
567,"26.1,-98.6"
568,"27.1,-98.6"
569,"28.1,-98.6"
570,"29.1,-98.6"
571,"30.1,-98.6"
572,"31.1,-98.6"
573,"32.1,-98.6"
574,"33.1,-98.6"
575,"34.1,-98.6"
576,"35.1,-98.6"
577,"36.1,-98.6"
578,"37.1,-98.6"
579,"38.1,-98.6"
580,"39.1,-98.6"
581,"40.1,-98.6"
582,"41.1,-98.6"
583,"42.1,-98.6"
584,"43.1,-98.6"
585,"44.1,-98.6"
586,"45.1,-98.6"
587,"46.1,-98.6"
588,"47.1,-98.6"
589,"48.1,-98.6"
590,"23.1,-97.6"
591,"24.1,-97.6"
592,"25.1,-97.6"
593,"26.1,-97.6"
594,"27.1,-97.6"
595,"28.1,-97.6"
596,"29.1,-97.6"
597,"30.1,-97.6"
598,"31.1,-97.6"
599,"32.1,-97.6"
600,"33.1,-97.6"
601,"34.1,-97.6"
602,"35.1,-97.6"
603,"36.1,-97.6"
604,"37.1,-97.6"
605,"38.1,-97.6"
606,"39.1,-97.6"
607,"40.1,-97.6"
608,"41.1,-97.6"
609,"42.1,-97.6"
610,"43.1,-97.6"
611,"44.1,-97.6"
612,"45.1,-97.6"
613,"46.1,-97.6"
614,"47.1,-97.6"
615,"48.1,-97.6"
616,"23.1,-96.6"
617,"24.1,-96.6"
618,"25.1,-96.6"
619,"26.1,-96.6"
620,"27.1,-96.6"
621,"28.1,-96.6"
622,"29.1,-96.6"
623,"30.1,-96.6"
624,"31.1,-96.6"
625,"32.1,-96.6"
626,"33.1,-96.6"
627,"34.1,-96.6"
628,"35.1,-96.6"
629,"36.1,-96.6"
630,"37.1,-96.6"
631,"38.1,-96.6"
632,"39.1,-96.6"
633,"40.1,-96.6"
634,"41.1,-96.6"
635,"42.1,-96.6"
636,"43.1,-96.6"
637,"44.1,-96.6"
638,"45.1,-96.6"
639,"46.1,-96.6"
640,"47.1,-96.6"
641,"48.1,-96.6"
642,"29.1,-95.6"
643,"30.1,-95.6"
644,"31.1,-95.6"
645,"32.1,-95.6"
646,"33.1,-95.6"
647,"34.1,-95.6"
648,"35.1,-95.6"
649,"36.1,-95.6"
650,"37.1,-95.6"
651,"38.1,-95.6"
652,"39.1,-95.6"
653,"40.1,-95.6"
654,"41.1,-95.6"
655,"42.1,-95.6"
656,"43.1,-95.6"
657,"44.1,-95.6"
658,"45.1,-95.6"
659,"46.1,-95.6"
660,"47.1,-95.6"
661,"48.1,-95.6"
662,"29.1,-94.6"
663,"30.1,-94.6"
664,"31.1,-94.6"
665,"32.1,-94.6"
666,"33.1,-94.6"
667,"34.1,-94.6"
668,"35.1,-94.6"
669,"36.1,-94.6"
670,"37.1,-94.6"
671,"38.1,-94.6"
672,"39.1,-94.6"
673,"40.1,-94.6"
674,"41.1,-94.6"
675,"42.1,-94.6"
676,"43.1,-94.6"
677,"44.1,-94.6"
678,"45.1,-94.6"
679,"46.1,-94.6"
680,"47.1,-94.6"
681,"48.1,-94.6"
682,"29.1,-93.6"
683,"30.1,-93.6"
684,"31.1,-93.6"
685,"32.1,-93.6"
686,"33.1,-93.6"
687,"34.1,-93.6"
688,"35.1,-93.6"
689,"36.1,-93.6"
690,"37.1,-93.6"
691,"38.1,-93.6"
692,"39.1,-93.6"
693,"40.1,-93.6"
694,"41.1,-93.6"
695,"42.1,-93.6"
696,"43.1,-93.6"
697,"44.1,-93.6"
698,"45.1,-93.6"
699,"46.1,-93.6"
700,"47.1,-93.6"
701,"48.1,-93.6"
702,"29.1,-92.6"
703,"30.1,-92.6"
704,"31.1,-92.6"
705,"32.1,-92.6"
706,"33.1,-92.6"
707,"34.1,-92.6"
708,"35.1,-92.6"
709,"36.1,-92.6"
710,"37.1,-92.6"
711,"38.1,-92.6"
712,"39.1,-92.6"
713,"40.1,-92.6"
714,"41.1,-92.6"
715,"42.1,-92.6"
716,"43.1,-92.6"
717,"44.1,-92.6"
718,"45.1,-92.6"
719,"46.1,-92.6"
720,"47.1,-92.6"
721,"48.1,-92.6"
722,"29.1,-91.6"
723,"30.1,-91.6"
724,"31.1,-91.6"
725,"32.1,-91.6"
726,"33.1,-91.6"
727,"34.1,-91.6"
728,"35.1,-91.6"
729,"36.1,-91.6"
730,"37.1,-91.6"
731,"38.1,-91.6"
732,"39.1,-91.6"
733,"40.1,-91.6"
734,"41.1,-91.6"
735,"42.1,-91.6"
736,"43.1,-91.6"
737,"44.1,-91.6"
738,"45.1,-91.6"
739,"46.1,-91.6"
740,"47.1,-91.6"
741,"48.1,-91.6"
742,"29.1,-90.6"
743,"30.1,-90.6"
744,"31.1,-90.6"
745,"32.1,-90.6"
746,"33.1,-90.6"
747,"34.1,-90.6"
748,"35.1,-90.6"
749,"36.1,-90.6"
750,"37.1,-90.6"
751,"38.1,-90.6"
752,"39.1,-90.6"
753,"40.1,-90.6"
754,"41.1,-90.6"
755,"42.1,-90.6"
756,"43.1,-90.6"
757,"44.1,-90.6"
758,"45.1,-90.6"
759,"46.1,-90.6"
760,"47.1,-90.6"
761,"48.1,-90.6"
762,"29.1,-89.6"
763,"30.1,-89.6"
764,"31.1,-89.6"
765,"32.1,-89.6"
766,"33.1,-89.6"
767,"34.1,-89.6"
768,"35.1,-89.6"
769,"36.1,-89.6"
770,"37.1,-89.6"
771,"38.1,-89.6"
772,"39.1,-89.6"
773,"40.1,-89.6"
774,"41.1,-89.6"
775,"42.1,-89.6"
776,"43.1,-89.6"
777,"44.1,-89.6"
778,"45.1,-89.6"
779,"46.1,-89.6"
780,"47.1,-89.6"
781,"48.1,-89.6"
782,"29.1,-88.6"
783,"30.1,-88.6"
784,"31.1,-88.6"
785,"32.1,-88.6"
786,"33.1,-88.6"
787,"34.1,-88.6"
788,"35.1,-88.6"
789,"36.1,-88.6"
790,"37.1,-88.6"
791,"38.1,-88.6"
792,"39.1,-88.6"
793,"40.1,-88.6"
794,"41.1,-88.6"
795,"42.1,-88.6"
796,"43.1,-88.6"
797,"44.1,-88.6"
798,"45.1,-88.6"
799,"46.1,-88.6"
800,"47.1,-88.6"
801,"48.1,-88.6"
802,"29.1,-87.6"
803,"30.1,-87.6"
804,"31.1,-87.6"
805,"32.1,-87.6"
806,"33.1,-87.6"
807,"34.1,-87.6"
808,"35.1,-87.6"
809,"36.1,-87.6"
810,"37.1,-87.6"
811,"38.1,-87.6"
812,"39.1,-87.6"
813,"40.1,-87.6"
814,"41.1,-87.6"
815,"42.1,-87.6"
816,"43.1,-87.6"
817,"44.1,-87.6"
818,"45.1,-87.6"
819,"46.1,-87.6"
820,"47.1,-87.6"
821,"48.1,-87.6"
822,"29.1,-86.6"
823,"30.1,-86.6"
824,"31.1,-86.6"
825,"32.1,-86.6"
826,"33.1,-86.6"
827,"34.1,-86.6"
828,"35.1,-86.6"
829,"36.1,-86.6"
830,"37.1,-86.6"
831,"38.1,-86.6"
832,"39.1,-86.6"
833,"40.1,-86.6"
834,"41.1,-86.6"
835,"42.1,-86.6"
836,"43.1,-86.6"
837,"44.1,-86.6"
838,"45.1,-86.6"
839,"46.1,-86.6"
840,"47.1,-86.6"
841,"48.1,-86.6"
842,"29.1,-85.6"
843,"30.1,-85.6"
844,"31.1,-85.6"
845,"32.1,-85.6"
846,"33.1,-85.6"
847,"34.1,-85.6"
848,"35.1,-85.6"
849,"36.1,-85.6"
850,"37.1,-85.6"
851,"38.1,-85.6"
852,"39.1,-85.6"
853,"40.1,-85.6"
854,"41.1,-85.6"
855,"42.1,-85.6"
856,"43.1,-85.6"
857,"44.1,-85.6"
858,"45.1,-85.6"
859,"46.1,-85.6"
860,"47.1,-85.6"
861,"48.1,-85.6"
862,"29.1,-84.6"
863,"30.1,-84.6"
864,"31.1,-84.6"
865,"32.1,-84.6"
866,"33.1,-84.6"
867,"34.1,-84.6"
868,"35.1,-84.6"
869,"36.1,-84.6"
870,"37.1,-84.6"
871,"38.1,-84.6"
872,"39.1,-84.6"
873,"40.1,-84.6"
874,"41.1,-84.6"
875,"42.1,-84.6"
876,"43.1,-84.6"
877,"44.1,-84.6"
878,"45.1,-84.6"
879,"46.1,-84.6"
880,"47.1,-84.6"
881,"48.1,-84.6"
882,"29.1,-83.6"
883,"30.1,-83.6"
884,"31.1,-83.6"
885,"32.1,-83.6"
886,"33.1,-83.6"
887,"34.1,-83.6"
888,"35.1,-83.6"
889,"36.1,-83.6"
890,"37.1,-83.6"
891,"38.1,-83.6"
892,"39.1,-83.6"
893,"40.1,-83.6"
894,"41.1,-83.6"
895,"42.1,-83.6"
896,"43.1,-83.6"
897,"44.1,-83.6"
898,"45.1,-83.6"
899,"46.1,-83.6"
900,"47.1,-83.6"
901,"48.1,-83.6"
902,"23.1,-82.6"
903,"24.1,-82.6"
904,"25.1,-82.6"
905,"26.1,-82.6"
906,"27.1,-82.6"
907,"28.1,-82.6"
908,"29.1,-82.6"
909,"30.1,-82.6"
910,"31.1,-82.6"
911,"32.1,-82.6"
912,"33.1,-82.6"
913,"34.1,-82.6"
914,"35.1,-82.6"
915,"36.1,-82.6"
916,"37.1,-82.6"
917,"38.1,-82.6"
918,"39.1,-82.6"
919,"40.1,-82.6"
920,"41.1,-82.6"
921,"42.1,-82.6"
922,"43.1,-82.6"
923,"44.1,-82.6"
924,"45.1,-82.6"
925,"46.1,-82.6"
926,"47.1,-82.6"
927,"48.1,-82.6"
928,"23.1,-81.6"
929,"24.1,-81.6"
930,"25.1,-81.6"
931,"26.1,-81.6"
932,"27.1,-81.6"
933,"28.1,-81.6"
934,"29.1,-81.6"
935,"30.1,-81.6"
936,"31.1,-81.6"
937,"32.1,-81.6"
938,"33.1,-81.6"
939,"34.1,-81.6"
940,"35.1,-81.6"
941,"36.1,-81.6"
942,"37.1,-81.6"
943,"38.1,-81.6"
944,"39.1,-81.6"
945,"40.1,-81.6"
946,"41.1,-81.6"
947,"42.1,-81.6"
948,"43.1,-81.6"
949,"44.1,-81.6"
950,"45.1,-81.6"
951,"46.1,-81.6"
952,"47.1,-81.6"
953,"48.1,-81.6"
954,"23.1,-80.6"
955,"24.1,-80.6"
956,"25.1,-80.6"
957,"26.1,-80.6"
958,"27.1,-80.6"
959,"28.1,-80.6"
960,"29.1,-80.6"
961,"30.1,-80.6"
962,"31.1,-80.6"
963,"32.1,-80.6"
964,"33.1,-80.6"
965,"34.1,-80.6"
966,"35.1,-80.6"
967,"36.1,-80.6"
968,"37.1,-80.6"
969,"38.1,-80.6"
970,"39.1,-80.6"
971,"40.1,-80.6"
972,"41.1,-80.6"
973,"42.1,-80.6"
974,"43.1,-80.6"
975,"44.1,-80.6"
976,"45.1,-80.6"
977,"46.1,-80.6"
978,"47.1,-80.6"
979,"48.1,-80.6"
980,"23.1,-79.6"
981,"24.1,-79.6"
982,"25.1,-79.6"
983,"26.1,-79.6"
984,"27.1,-79.6"
985,"28.1,-79.6"
986,"29.1,-79.6"
987,"30.1,-79.6"
988,"31.1,-79.6"
989,"32.1,-79.6"
990,"33.1,-79.6"
991,"34.1,-79.6"
992,"35.1,-79.6"
993,"36.1,-79.6"
994,"37.1,-79.6"
995,"38.1,-79.6"
996,"39.1,-79.6"
997,"40.1,-79.6"
998,"41.1,-79.6"
999,"42.1,-79.6"
1000,"43.1,-79.6"
1001,"44.1,-79.6"
1002,"45.1,-79.6"
1003,"46.1,-79.6"
1004,"47.1,-79.6"
1005,"48.1,-79.6"
1006,"23.1,-78.6"
1007,"24.1,-78.6"
1008,"25.1,-78.6"
1009,"26.1,-78.6"
1010,"27.1,-78.6"
1011,"28.1,-78.6"
1012,"29.1,-78.6"
1013,"30.1,-78.6"
1014,"31.1,-78.6"
1015,"32.1,-78.6"
1016,"33.1,-78.6"
1017,"34.1,-78.6"
1018,"35.1,-78.6"
1019,"36.1,-78.6"
1020,"37.1,-78.6"
1021,"38.1,-78.6"
1022,"39.1,-78.6"
1023,"40.1,-78.6"
1024,"41.1,-78.6"
1025,"42.1,-78.6"
1026,"43.1,-78.6"
1027,"44.1,-78.6"
1028,"45.1,-78.6"
1029,"46.1,-78.6"
1030,"47.1,-78.6"
1031,"48.1,-78.6"
1032,"23.1,-77.6"
1033,"24.1,-77.6"
1034,"25.1,-77.6"
1035,"26.1,-77.6"
1036,"27.1,-77.6"
1037,"28.1,-77.6"
1038,"29.1,-77.6"
1039,"30.1,-77.6"
1040,"31.1,-77.6"
1041,"32.1,-77.6"
1042,"33.1,-77.6"
1043,"34.1,-77.6"
1044,"35.1,-77.6"
1045,"36.1,-77.6"
1046,"37.1,-77.6"
1047,"38.1,-77.6"
1048,"39.1,-77.6"
1049,"40.1,-77.6"
1050,"41.1,-77.6"
1051,"42.1,-77.6"
1052,"43.1,-77.6"
1053,"44.1,-77.6"
1054,"45.1,-77.6"
1055,"46.1,-77.6"
1056,"47.1,-77.6"
1057,"48.1,-77.6"
1058,"23.1,-76.6"
1059,"24.1,-76.6"
1060,"25.1,-76.6"
1061,"26.1,-76.6"
1062,"27.1,-76.6"
1063,"28.1,-76.6"
1064,"29.1,-76.6"
1065,"30.1,-76.6"
1066,"31.1,-76.6"
1067,"32.1,-76.6"
1068,"33.1,-76.6"
1069,"34.1,-76.6"
1070,"35.1,-76.6"
1071,"36.1,-76.6"
1072,"37.1,-76.6"
1073,"38.1,-76.6"
1074,"39.1,-76.6"
1075,"40.1,-76.6"
1076,"41.1,-76.6"
1077,"42.1,-76.6"
1078,"43.1,-76.6"
1079,"44.1,-76.6"
1080,"45.1,-76.6"
1081,"46.1,-76.6"
1082,"47.1,-76.6"
1083,"48.1,-76.6"
1084,"23.1,-75.6"
1085,"24.1,-75.6"
1086,"25.1,-75.6"
1087,"26.1,-75.6"
1088,"27.1,-75.6"
1089,"28.1,-75.6"
1090,"29.1,-75.6"
1091,"30.1,-75.6"
1092,"31.1,-75.6"
1093,"32.1,-75.6"
1094,"33.1,-75.6"
1095,"34.1,-75.6"
1096,"35.1,-75.6"
1097,"36.1,-75.6"
1098,"37.1,-75.6"
1099,"38.1,-75.6"
1100,"39.1,-75.6"
1101,"40.1,-75.6"
1102,"41.1,-75.6"
1103,"42.1,-75.6"
1104,"43.1,-75.6"
1105,"44.1,-75.6"
1106,"45.1,-75.6"
1107,"46.1,-75.6"
1108,"47.1,-75.6"
1109,"48.1,-75.6"
1110,"23.1,-74.6"
1111,"24.1,-74.6"
1112,"25.1,-74.6"
1113,"26.1,-74.6"
1114,"27.1,-74.6"
1115,"28.1,-74.6"
1116,"29.1,-74.6"
1117,"30.1,-74.6"
1118,"31.1,-74.6"
1119,"32.1,-74.6"
1120,"33.1,-74.6"
1121,"34.1,-74.6"
1122,"35.1,-74.6"
1123,"36.1,-74.6"
1124,"37.1,-74.6"
1125,"38.1,-74.6"
1126,"39.1,-74.6"
1127,"40.1,-74.6"
1128,"41.1,-74.6"
1129,"42.1,-74.6"
1130,"43.1,-74.6"
1131,"44.1,-74.6"
1132,"45.1,-74.6"
1133,"46.1,-74.6"
1134,"47.1,-74.6"
1135,"48.1,-74.6"
1136,"41.1,-73.6"
1137,"42.1,-73.6"
1138,"43.1,-73.6"
1139,"44.1,-73.6"
1140,"45.1,-73.6"
1141,"46.1,-73.6"
1142,"47.1,-73.6"
1143,"48.1,-73.6"
1144,"41.1,-72.6"
1145,"42.1,-72.6"
1146,"43.1,-72.6"
1147,"44.1,-72.6"
1148,"45.1,-72.6"
1149,"46.1,-72.6"
1150,"47.1,-72.6"
1151,"48.1,-72.6"
1152,"41.1,-71.6"
1153,"42.1,-71.6"
1154,"43.1,-71.6"
1155,"44.1,-71.6"
1156,"45.1,-71.6"
1157,"46.1,-71.6"
1158,"47.1,-71.6"
1159,"48.1,-71.6"
1160,"41.1,-70.6"
1161,"42.1,-70.6"
1162,"43.1,-70.6"
1163,"44.1,-70.6"
1164,"45.1,-70.6"
1165,"46.1,-70.6"
1166,"47.1,-70.6"
1167,"48.1,-70.6"
1168,"41.1,-69.6"
1169,"42.1,-69.6"
1170,"43.1,-69.6"
1171,"44.1,-69.6"
1172,"45.1,-69.6"
1173,"46.1,-69.6"
1174,"47.1,-69.6"
1175,"48.1,-69.6"
1176,"41.1,-68.6"
1177,"42.1,-68.6"
1178,"43.1,-68.6"
1179,"44.1,-68.6"
1180,"45.1,-68.6"
1181,"46.1,-68.6"
1182,"47.1,-68.6"
1183,"48.1,-68.6"
1184,"41.1,-67.6"
1185,"42.1,-67.6"
1186,"43.1,-67.6"
1187,"44.1,-67.6"
1188,"45.1,-67.6"
1189,"46.1,-67.6"
1190,"47.1,-67.6"
1191,"48.1,-67.6"
1192,"23.1,-67.6"
1193,"24.1,-67.6"
1194,"25.1,-67.6"
1195,"26.1,-67.6"
1196,"27.1,-67.6"
1197,"28.1,-67.6"
1198,"29.1,-67.6"
1199,"30.1,-67.6"
1200,"31.1,-67.6"
1201,"32.1,-67.6"
1202,"33.1,-67.6"
1203,"34.1,-67.6"
1204,"35.1,-67.6"
1205,"36.1,-67.6"
1206,"37.1,-67.6"
1207,"38.1,-67.6"
1208,"39.1,-67.6"
1209,"40.1,-67.6"
1210,"41.1,-67.6"
1211,"42.1,-67.6"
1212,"43.1,-67.6"
1213,"44.1,-67.6"
1214,"45.1,-67.6"
1215,"46.1,-67.6"
1216,"47.1,-67.6"
1217,"48.1,-67.6"
